"Metodo","Semana","Lucro","LucroAgregado"
"PSO",1,6406.4957510172,6019.88736821517
"PSO",2,6072.82524394989,6019.88736821517
"PSO",3,6057.00254631042,6019.88736821517
"PSO",4,5950.06965885162,6019.88736821517
"PSO",5,6157.60059793386,6019.88736821517
"PSO",6,5875.04570140839,6019.88736821517
"PSO",7,6042.15932421625,6019.88736821517
"PSO",8,5997.61541221408,6019.88736821517
"PSO",9,5918.02153760954,6019.88736821517
"PSO",10,5857.08476600647,6019.88736821517
